{"steps": [500, 1000, 1500, 2000, 2500, 3000, 3500, 4000, 4500, 5000, 5500, 6000, 6500, 7000, 7500, 8000, 8500, 9000, 9500, 10000, 10500, 11000, 11500, 12000, 12500, 13000, 13500, 14000, 14500, 15000, 15500, 16000, 16500, 17000, 17500, 18000, 18500, 19000, 19500], "train_loss": [8.025283813476562, 6.438384532928467, 5.464144706726074, 4.901823997497559, 4.587221145629883, 4.367364883422852, 4.202749252319336, 4.046115398406982, 3.9157097339630127, 3.8213090896606445, 3.7283828258514404, 3.6516220569610596, 3.5650734901428223, 3.516073226928711, 3.4605321884155273, 3.4247183799743652, 3.3626887798309326, 3.325483798980713, 3.2901387214660645, 3.2420103549957275, 3.2100489139556885, 3.1781105995178223, 3.1539578437805176, 3.123380422592163, 3.0998127460479736, 3.0700273513793945, 3.051980495452881, 3.0157597064971924, 3.0094428062438965, 2.9792494773864746, 2.9683332443237305, 2.939225196838379, 2.911994457244873, 2.9007668495178223, 2.8709492683410645, 2.866534471511841, 2.8398940563201904, 2.842311143875122, 2.8304431438446045], "val_loss": [8.041193962097168, 6.453548908233643, 5.460853576660156, 4.915510654449463, 4.6074700355529785, 4.365432262420654, 4.18585729598999, 4.040438652038574, 3.919661521911621, 3.8244433403015137, 3.7327048778533936, 3.656505584716797, 3.589826822280884, 3.525498151779175, 3.4656319618225098, 3.420849323272705, 3.374183177947998, 3.341013193130493, 3.2935032844543457, 3.251910448074341, 3.221590757369995, 3.2001953125, 3.1570632457733154, 3.1204841136932373, 3.093554735183716, 3.0740585327148438, 3.047715663909912, 3.031973361968994, 3.0026588439941406, 2.9776713848114014, 2.9639463424682617, 2.9580514430999756, 2.9142630100250244, 2.9207613468170166, 2.877256155014038, 2.862414598464966, 2.8569655418395996, 2.8518593311309814, 2.8329062461853027], "val_acc": [0.15671874582767487, 0.18947656452655792, 0.22483593225479126, 0.24943554401397705, 0.2587617039680481, 0.2761191427707672, 0.29096874594688416, 0.3021582067012787, 0.31572461128234863, 0.3247949182987213, 0.3336562514305115, 0.34001561999320984, 0.3486699163913727, 0.35374805331230164, 0.3608730435371399, 0.36448243260383606, 0.3702167868614197, 0.3726542890071869, 0.37827539443969727, 0.38273242115974426, 0.38722461462020874, 0.3890039026737213, 0.3939492106437683, 0.39744532108306885, 0.4006953239440918, 0.402525395154953, 0.4047871232032776, 0.40669727325439453, 0.4102539122104645, 0.4143359363079071, 0.4141328036785126, 0.41506054997444153, 0.4208144545555115, 0.41857030987739563, 0.4236171841621399, 0.4258144497871399, 0.42845118045806885, 0.426150381565094, 0.42963477969169617], "lr": [0.0001, 0.0001, 0.0001, 0.0001, 0.0001, 0.0001, 0.0001, 0.0001, 0.0001, 0.0001, 0.0001, 0.0001, 0.0001, 0.0001, 0.0001, 0.0001, 0.0001, 0.0001, 0.0001, 0.0001, 0.0001, 0.0001, 0.0001, 0.0001, 0.0001, 0.0001, 0.0001, 0.0001, 0.0001, 0.0001, 0.0001, 0.0001, 0.0001, 0.0001, 0.0001, 0.0001, 0.0001, 0.0001, 0.0001]}